{
    "metadata": {
        "type": "Geometry",
        "faces": 6,
        "version": 3,
        "uvs": 0,
        "normals": 8,
        "vertices": 8,
        "generator": "io_three"
    },
    "faces": [33,0,1,2,3,0,1,2,3,33,4,7,6,5,4,5,6,7,33,0,4,5,1,0,4,7,1,33,1,5,6,2,1,7,6,2,33,2,6,7,3,2,6,5,3,33,4,0,3,7,4,0,3,5],
    "name": "soapbox_footholdGeometry",
    "uvs": [],
    "normals": [0.577349,-0.577349,-0.577349,0.577349,-0.577349,0.577349,-0.577349,-0.577349,0.577349,-0.577349,-0.577349,-0.577349,0.577349,0.577349,-0.577349,-0.577349,0.577349,-0.577349,-0.577349,0.577349,0.577349,0.577349,0.577349,0.577349],
    "vertices": [1.76587,-0.803981,-1.16712,1.76587,-0.803981,0.832877,-0.234127,-0.803981,0.832876,-0.234126,-0.803981,-1.16712,1.76587,1.19602,-1.16712,1.76587,1.19602,0.832877,-0.234127,1.19602,0.832876,-0.234126,1.19602,-1.16712]
}